state,zip5,lat_lon,population,adi_median
CA,92371,"(34.4383377, -117.5425936)",16763,44.0
NY,14223,"(42.9734591, -78.8461064)",22665,59.0
CA,94087,"(37.3516149, -122.0366796)",54293,1.0
MN,55305,"(44.9563464, -93.4280924)",19368,23.0
NV,89108,"(36.2050885, -115.223683)",70123,59.0
CA,94518,"(37.9505211, -122.0220781)",26778,10.0
MA,02021,"(42.1757371, -71.1253849)",21561,13.0
CT,06854,"(41.0908961, -73.4287882)",29100,24.0
CA,94903,"(38.0221295, -122.55881)",29040,5.0
MA,02148,"(42.4293799, -71.0587065)",59503,23.0
OR,97213,"(45.5381938, -122.6000136)",29219,17.0
OR,97801,"(45.6708274, -118.823832)",21521,54.0
MN,55110,"(45.0899368, -93.0040457)",37759,32.0
NJ,07502,"(40.9196591, -74.195028)",15406,45.0
CA,90057,"(34.0617348, -118.2767572)",44998,14.0
CA,92311,"(34.965648, -117.0015086)",31894,77.0
CA,94544,"(37.6335073, -122.0567723)",73026,12.0
OR,97862,"(45.9220632, -118.3160627)",11666,59.0
CA,92841,"(33.7868326, -117.9820406)",32845,13.0
CT,06484,"(41.3045774, -73.1392153)",39559,29.0
NJ,07107,"(40.7629182, -74.1865594)",37650,45.0
IL,60532,"(41.7894426, -88.0839844)",27066,40.0
CA,94014,"(37.6906862, -122.4477376)",47014,6.0
CT,06262,"(42.0193109, -71.9483838)",586,45.0
NJ,07843,"(40.9392271, -74.6595062)",12241,33.0
CA,90638,"(33.9020453, -118.0089608)",49012,10.0
MD,20816,"(38.9569499, -77.1200056)",16208,2.0
MD,20850,"(39.0892114, -77.1805013)",46340,10.0
MA,02066,"(42.2022731, -70.7581843)",17656,11.0
NY,11104,"(40.7448453, -73.9204681)",27232,16.0
MN,55902,"(43.9713006, -92.5078707)",21968,30.0
CA,94539,"(37.5162924, -121.9118907)",50031,2.0
CA,94044,"(37.6065981, -122.4772305)",37296,4.0
OR,97202,"(45.4820123, -122.644451)",38762,14.0
NY,13502,"(43.1412641, -75.1547072)",33257,84.0
CA,91706,"(34.0974098, -117.9682691)",76571,23.0
MD,20781,"(38.9528596, -76.9462896)",11440,23.0
CO,80003,"(39.8254134, -105.0644346)",35384,28.0
MA,01564,"(42.4479239, -71.7760449)",7808,17.0
IL,60643,"(41.7002727, -87.6632674)",49952,55.0
DE,19947,"(38.6702663, -75.4046629)",18799,41.0
NY,11757,"(40.6890093, -73.3733496)",45700,22.0
OR,97230,"(45.557757, -122.5052675)",39752,33.0
IL,61704,"(40.4700516, -88.9415199)",35981,47.0
CA,95209,"(38.046863, -121.3528022)",39488,30.0
IL,60586,"(41.5781905, -88.234492)",46251,35.0
MA,01247,"(42.6956988, -73.0938521)",16087,79.0
NH,03103,"(42.9561164, -71.4423853)",36476,45.0
CA,94030,"(37.5997105, -122.4033001)",21536,1.0
CA,90230,"(33.9978617, -118.3936166)",31766,13.0
CA,95612,"(38.3847062, -121.5787214)",1239,8.0
NY,14513,"(43.0759075, -77.100601)",13976,74.0
NY,12790,"(41.5634288, -74.527401)",4518,56.0
CO,80227,"(39.6654578, -105.1021964)",33667,26.0
CA,95966,"(39.4753693, -121.4141332)",30643,58.0
MA,01610,"(42.247049, -71.8083657)",23945,59.0
CA,90002,"(33.9489868, -118.2467796)",51223,34.0
CA,91340,"(34.2866697, -118.4348171)",34188,22.0
CO,80537,"(40.3830798, -105.2004165)",38821,35.0
CA,92544,"(33.645934, -116.8816279)",44734,42.0
CA,92021,"(32.8357316, -116.8746171)",65068,21.0
OR,97365,"(44.671297, -124.0305694)",10744,43.0
NY,14086,"(42.9055106, -78.6291212)",31847,53.0
NY,14220,"(42.8457384, -78.8220761)",24227,90.0
IL,61265,"(41.4806974, -90.4871672)",45099,74.0
NM,88061,"(32.6285435, -108.4064122)",18585,69.0
WA,98074,"(47.6225441, -122.0442105)",25748,4.0
CA,92543,"(33.6986544, -116.9791698)",33555,70.0
CA,95128,"(37.3158842, -121.9364309)",34836,4.0
CA,90813,"(33.7822587, -118.1967927)",58911,25.0
CA,95062,"(36.9739691, -121.9898464)",36079,6.0
MD,21113,"(39.0626855, -76.7124172)",30469,29.0
NY,14067,"(43.2121602, -78.5562745)",5040,63.0
CA,95120,"(37.1857459, -121.8427384)",37457,1.0
NY,14228,"(43.0443711, -78.7773351)",20857,54.0
RI,02813,"(41.3942155, -71.6698224)",7831,30.0
IL,60120,"(42.032566, -88.240438)",50955,55.0
MA,01464,"(42.5736544, -71.6409862)",7211,19.0
CA,92506,"(33.9347609, -117.3668824)",44001,20.0
CA,91911,"(32.6073516, -117.0503597)",82999,21.0
OR,97402,"(44.0477364, -123.2309049)",50342,50.0
CA,92336,"(34.1368646, -117.4603344)",88419,18.0
CA,91320,"(34.1733772, -118.9479768)",44274,6.0
CA,94024,"(37.3503883, -122.0986856)",22385,1.0
MN,55033,"(44.7110071, -92.858662)",29488,48.0
NY,11365,"(40.7396342, -73.7944896)",42252,12.0
CA,91730,"(34.1004019, -117.5812819)",66925,21.0
NH,03106,"(43.0812421, -71.4466159)",13374,40.0
CA,95336,"(37.8302673, -121.2010196)",42675,28.0
NY,13903,"(42.0418695, -75.8890773)",18763,84.0
MD,21742,"(39.6782193, -77.6527202)",31444,49.0
MD,20783,"(38.9970672, -76.9667831)",44487,32.0
NJ,08108,"(39.9150477, -75.0622435)",18045,29.0
CA,95333,"(37.2446736, -120.2427411)",2942,65.0
WA,98024,"(47.5734245, -121.8991824)",5650,15.0
NJ,07045,"(40.906942, -74.3656082)",10127,7.0
NY,11375,"(40.722975, -73.8431785)",68733,22.0
MA,02176,"(42.455723, -71.0590194)",26983,11.0
NY,10467,"(40.8752619, -73.8720268)",97060,26.0
WA,98201,"(47.9944644, -122.1861622)",29582,36.0
MA,01475,"(42.6681596, -72.0556441)",10270,41.0
NY,13790,"(42.1653606, -76.001942)",19104,85.0
MD,20735,"(38.7509174, -76.902669)",35421,27.0
NY,10002,"(40.7159693, -73.9868946)",81410,9.0
IL,62301,"(39.9311552, -91.388714)",33758,78.0
NJ,07869,"(40.8416396, -74.5785221)",25291,8.0
NH,03062,"(42.7223228, -71.5011759)",26694,31.0
CA,96013,"(40.9736566, -121.6923992)",4212,57.0
CA,91356,"(34.154999, -118.547559)",29458,8.0
OR,97035,"(45.4136015, -122.7252518)",23912,12.0
NY,11730,"(40.7276035, -73.1849501)",14712,22.0
CA,95673,"(38.6905184, -121.4656624)",15455,32.0
CA,94558,"(38.3891354, -122.188412)",66830,10.0
NJ,07102,"(40.7356592, -74.173605)",12579,41.0
MA,01830,"(42.7963128, -71.0534357)",25137,29.0
NY,11220,"(40.641026, -74.0166882)",99598,4.0
MA,01085,"(42.1535029, -72.771602)",41117,40.0
NY,11211,"(40.7140845, -73.9451676)",90117,4.0
CO,80030,"(39.8308215, -105.0374698)",15329,36.0
IL,60649,"(41.7593404, -87.5570254)",46650,69.0
MA,01236,"(42.2744989, -73.3861549)",1509,28.0
CA,91764,"(34.0740868, -117.6056183)",54086,27.0
NY,11740,"(40.8653467, -73.361205)",9454,5.0
NY,11225,"(40.6631194, -73.9538673)",56829,5.0
KS,66801,"(38.4117433, -96.2235072)",28492,89.0
NJ,08701,"(40.0770685, -74.1985101)",92843,21.0
OR,97302,"(44.9031762, -123.0644324)",37131,39.0
CA,93308,"(35.5474931, -118.9468676)",52447,48.0
NM,88401,"(35.0745833, -103.7802751)",6944,94.0
CA,92231,"(32.6876359, -115.5643737)",39073,57.0
NY,11722,"(40.7835797, -73.1966177)",35177,29.0
CA,95341,"(37.231045, -120.5010724)",32967,58.0
NJ,08816,"(40.4291187, -74.4162867)",46298,16.0
CA,94566,"(37.6487308, -121.8480239)",40884,2.0
WA,98155,"(47.754413, -122.3004769)",32778,13.0
MN,55416,"(44.9493731, -93.3409944)",29027,25.0
CA,93727,"(36.7516118, -119.6953972)",71820,47.0
DC,20006,"(38.8984817, -77.0412047)",3227,8.0
NY,11550,"(40.7014749, -73.6211076)",56435,28.0
CA,94080,"(37.6551745, -122.4183842)",63975,5.0
KS,66605,"(39.0108277, -95.6388191)",19919,88.0
NY,12401,"(41.9875407, -74.0102727)",35040,53.0
CA,91007,"(34.1282838, -118.0477319)",34095,3.0
NV,89031,"(36.2584569, -115.1707428)",60589,43.0
NM,87120,"(35.1405385, -106.7609693)",58023,47.0
IL,62206,"(38.5679302, -90.1693305)",16509,95.0
ME,04210,"(44.0845366, -70.2496493)",23045,62.0
KS,67216,"(37.6112406, -97.312617)",24041,93.0
IL,60653,"(41.8199645, -87.6059654)",29908,42.0
CA,94555,"(37.5475942, -122.0982196)",34143,3.0
CA,90063,"(34.0452484, -118.1857803)",55758,25.0
NY,10305,"(40.5965488, -74.0757794)",41749,17.0
MD,21601,"(38.7924673, -76.0878813)",23597,30.0
NY,10023,"(40.7745673, -73.9790155)",60998,1.0
IL,60417,"(41.4275852, -87.5861488)",15547,46.0
MD,20905,"(39.1098657, -76.9880769)",18044,11.0
CA,90744,"(33.7772144, -118.2596038)",53815,24.0
OR,97031,"(45.6109473, -121.6013744)",18375,24.0
MD,20708,"(39.0425507, -76.8264852)",25546,24.0
OR,97209,"(45.5311244, -122.6839507)",14950,15.0
CA,93065,"(34.2623877, -118.7722194)",72508,12.0
CA,90401,"(34.0160989, -118.4924539)",6722,1.0
NY,11542,"(40.8726052, -73.6286217)",27633,21.0
NY,10033,"(40.8474756, -73.9355098)",53926,16.0
MD,20740,"(39.0027434, -76.9308045)",28780,28.0
NH,03852,"(43.495003, -70.986034)",558,47.0
MN,55443,"(45.1194511, -93.3389687)",32462,27.0
CA,92583,"(33.7969113, -116.9313714)",30236,50.0
NY,12946,"(44.2065675, -74.0460512)",5492,24.0
NJ,08009,"(39.7606563, -74.9328602)",12854,32.0
NM,87144,"(35.330173, -106.7100877)",37719,47.0
NH,03257,"(43.4177205, -71.9906093)",4455,21.0
CA,92236,"(33.7027611, -116.0724522)",41083,71.0
NY,11701,"(40.6824513, -73.4143821)",27109,26.0
CO,80021,"(39.8906634, -105.1137237)",30051,19.0
WA,99403,"(46.3755419, -117.2903004)",19548,69.0
NJ,08731,"(39.8598863, -74.2927406)",20009,33.0
NJ,08021,"(39.8061555, -75.0000121)",44833,70.0
OR,97123,"(45.4443725, -122.9764259)",44537,31.0
CA,93630,"(36.7165742, -120.1269547)",19162,55.0
NY,11374,"(40.726457, -73.8614588)",43600,29.0
VT,05149,"(43.401856, -72.6992109)",2092,62.0
KS,67502,"(38.1267143, -97.9298051)",23739,63.0
MA,01960,"(42.53431, -70.9694427)",50944,25.0
IL,62615,"(39.585684, -89.7540679)",5748,62.0
OR,97058,"(45.5524893, -121.151799)",19838,47.0
MN,55418,"(45.0213178, -93.242853)",29472,41.0
NJ,08854,"(40.539658, -74.462791)",55961,24.0
NY,11763,"(40.8252748, -72.982436)",28506,19.0
WA,99336,"(46.2140523, -119.1757304)",48753,62.0
CA,91932,"(32.5653537, -117.1145672)",25718,15.0
WA,98373,"(47.1484793, -122.3241362)",22246,31.0
IL,60656,"(41.9742575, -87.8270517)",27613,35.0
NJ,08244,"(39.3155106, -74.5982783)",10849,49.0
CA,95603,"(38.911346, -121.0857601)",27844,23.0
MN,55123,"(44.8023895, -93.1391264)",26030,18.0
KS,66109,"(39.1653507, -94.8293414)",20480,49.0
CO,80218,"(39.7311678, -104.9707153)",17928,19.0
MD,20854,"(39.032772, -77.2208298)",49611,2.0
CA,95694,"(38.5718817, -122.0648647)",9156,16.0
NV,89142,"(36.148113, -115.0310013)",33731,58.0
CT,06053,"(41.6901449, -72.79194)",34863,59.0
CA,90660,"(33.9895238, -118.0892952)",62928,19.0
CO,80525,"(40.5273576, -105.0414381)",48419,22.0
MN,55964,"(44.1602474, -92.1580812)",4389,50.0
IL,60614,"(41.9227466, -87.6471531)",66617,7.0
NY,14150,"(42.9980842, -78.8782559)",41676,67.0
CA,92704,"(33.7211311, -117.9051096)",88123,17.0
KS,66106,"(39.0694535, -94.7026128)",23367,83.0
IL,60631,"(41.9947695, -87.8131043)",28641,24.0
VT,05001,"(43.6837261, -72.3760017)",9123,53.0
WA,98026,"(47.8375688, -122.3338948)",35921,16.0
IL,60014,"(42.2302786, -88.3296544)",48550,40.0
KS,66223,"(38.8615968, -94.6687678)",21759,22.0
NJ,07302,"(40.7188084, -74.0446341)",36352,5.0
NV,89433,"(39.5975621, -119.7781366)",20188,64.0
MD,21921,"(39.6271448, -75.8598906)",44471,39.0
CA,92019,"(32.778844, -116.8714148)",42598,12.0
CA,94579,"(37.6865005, -122.1572145)",20571,10.0
CA,92084,"(33.2272765, -117.2000968)",47654,13.0
NY,11385,"(40.7006472, -73.8894227)",98592,10.0
CA,93250,"(35.669076, -119.2019692)",13522,63.0
MN,55301,"(45.2443635, -93.6611679)",10535,31.0
NJ,08031,"(39.866356, -75.0946695)",11584,53.0
NY,11731,"(40.8626139, -73.3170401)",30184,12.0
WA,99163,"(46.730384, -117.2183951)",31404,39.0
MD,21157,"(39.548569, -76.9835578)",36920,29.0
MA,02745,"(41.7026957, -70.9470573)",24576,40.0
IL,61732,"(40.5296384, -89.2080634)",2096,59.0
CO,80016,"(39.5930263, -104.7224004)",41219,11.0
NY,10034,"(40.8670761, -73.924312)",38908,4.0
CA,92118,"(32.6987955, -117.2091097)",23575,1.0
MA,01702,"(42.282379, -71.4366226)",37206,27.0
CA,93117,"(34.4794531, -120.0840941)",53217,7.0
CA,91362,"(34.1924314, -118.8194861)",36045,6.0
CA,95035,"(37.4403973, -121.874693)",66943,4.0
NY,10469,"(40.8685088, -73.8466911)",66631,21.0
NM,87026,"(34.9811485, -107.207734)",4063,82.0
NY,14559,"(43.1899799, -77.8190517)",18057,55.0
MN,55403,"(44.9699231, -93.2842531)",14985,44.0
NM,87413,"(36.460675, -107.9644755)",16792,68.0
KS,66603,"(39.0575318, -95.6747469)",2001,100.0
WA,98105,"(47.6598613, -122.2849767)",43924,7.0
IL,60448,"(41.5377803, -87.8925639)",24423,22.0
NY,12520,"(41.4280171, -73.9961948)",3109,23.0
NV,89101,"(36.1727881, -115.1223241)",46055,76.0
CA,95210,"(38.0317856, -121.2978857)",39009,45.0
CO,80303,"(39.9732218, -105.2092762)",22361,11.0
NY,11694,"(40.5753139, -73.8512354)",20408,9.0
MN,55441,"(45.0084251, -93.4307178)",17848,29.0
NY,11355,"(40.7514355, -73.8212271)",85871,23.0
NY,11720,"(40.8702335, -73.0820187)",29189,21.0
CA,95407,"(38.3946561, -122.7459317)",39352,20.0
NY,12309,"(42.7998697, -73.8649646)",29343,25.0
IL,60628,"(41.6914782, -87.6185926)",72202,81.0
NJ,08551,"(40.4471107, -74.837285)",5532,17.0
IL,60655,"(41.6947708, -87.7037606)",28550,32.0
NV,89141,"(35.9881471, -115.2074228)",25150,26.0
NV,89107,"(36.1712406, -115.209288)",36282,62.0
CT,06482,"(41.4090005, -73.2426304)",11557,12.0
NY,13045,"(42.5845123, -76.190686)",30112,49.0
NY,11378,"(40.7247442, -73.9096392)",34981,8.0
WA,98233,"(48.5009114, -122.3456548)",14871,41.0
MA,01007,"(42.2839351, -72.4004088)",14649,37.0
NY,10029,"(40.7922493, -73.9473326)",76003,7.0
CA,95334,"(37.3496766, -120.7512837)",15457,50.0
NY,11423,"(40.7156688, -73.7682985)",29987,11.0
CO,80017,"(39.6994375, -104.7752963)",34270,41.0
CA,91324,"(34.2382078, -118.5502898)",27669,11.0
ME,04021,"(43.7917961, -70.2647622)",5820,21.0
NV,89815,"(40.5647295, -115.5965457)",13346,32.0
NY,11743,"(40.8834117, -73.4235629)",42230,11.0
IL,60046,"(42.415962, -88.0653509)",35111,42.0
IL,60115,"(41.9012633, -88.7615501)",46272,66.0
DC,20037,"(38.8924593, -77.0538112)",14642,7.0
NY,10956,"(41.154435, -73.9940723)",31521,10.0
CA,92801,"(33.8449834, -117.952151)",62068,15.0
CA,92410,"(34.1115753, -117.2636914)",49410,64.0
CA,93307,"(35.2451202, -118.9410999)",82658,65.0
CA,92395,"(34.5048281, -117.298985)",42400,62.0
IL,60056,"(42.0653782, -87.9347101)",55219,30.0
CA,95070,"(37.2549286, -122.0521809)",30617,1.0
KS,67217,"(37.6177726, -97.362058)",30186,84.0
WA,98226,"(48.7967043, -122.432388)",41235,29.0
CA,94588,"(37.7926484, -121.8628073)",30842,3.0
MD,21640,"(39.0681413, -75.8209483)",1632,61.0
NY,11432,"(40.7149339, -73.7929549)",60809,15.0
NY,13365,"(43.098217, -74.8483789)",8906,77.0
MA,02332,"(42.0444072, -70.7060604)",15059,6.0
IL,60491,"(41.6026976, -87.9626049)",22743,23.0
CA,91711,"(34.128066, -117.7147728)",35705,9.0
NY,10576,"(41.2215765, -73.5723324)",5116,3.0
CO,80231,"(39.6712254, -104.8878611)",32127,30.0
NY,14226,"(42.9703453, -78.7980046)",29267,85.0
CA,92037,"(32.8546424, -117.2517716)",46781,2.0
NY,11212,"(40.6629047, -73.9130712)",84500,17.0
NJ,08081,"(39.7329417, -74.9766568)",50589,46.0
CA,90048,"(34.0728769, -118.3726569)",21397,1.0
MA,02135,"(42.3496885, -71.1539638)",42780,14.0
CA,94597,"(37.9176973, -122.071818)",20277,6.0
IL,60647,"(41.9210421, -87.7019709)",87291,20.0
CA,90403,"(34.0307553, -118.4921007)",24525,2.0
CA,92130,"(32.9476156, -117.2058249)",48940,3.0
CA,92223,"(33.9378213, -116.9813703)",43605,34.0
DC,20019,"(38.8922458, -76.9417718)",54358,34.0
CA,95118,"(37.2553638, -121.8919118)",31932,3.0
CT,06114,"(41.7408539, -72.6706948)",27449,65.0
NY,11370,"(40.7653925, -73.8942155)",39688,6.0
OR,97214,"(45.5139623, -122.6440311)",23813,13.0
MA,01360,"(42.677091, -72.4538758)",3032,39.0
NY,10027,"(40.812657, -73.9549825)",59707,4.0
NY,12803,"(43.2884438, -73.6317733)",7567,63.0
CA,93610,"(37.0872855, -120.2888671)",23833,59.0
MN,55414,"(44.9783814, -93.2224486)",28495,28.0
MN,55419,"(44.9057987, -93.2876534)",26406,28.0
NY,13827,"(42.1178268, -76.2491663)",11759,70.0
CA,94501,"(37.7747116, -122.2780971)",60212,5.0
NY,14701,"(42.0777688, -79.2590718)",40730,89.0
MA,01013,"(42.1420092, -72.5954964)",23188,60.0
CA,92833,"(33.8805092, -117.9611312)",51767,12.0
CA,93030,"(34.2050972, -119.1753202)",59372,19.0
MA,02341,"(42.0502398, -70.8673595)",10218,25.0
NY,11417,"(40.676406, -73.8445955)",28967,11.0
WA,98368,"(48.0412611, -122.8266637)",14724,26.0
CA,90006,"(34.0480942, -118.2940452)",59185,12.0
CA,91731,"(34.078573, -118.0434556)",29591,18.0
WA,99216,"(47.6863606, -117.2167022)",24362,51.0
MD,20658,"(38.5707101, -77.1583564)",854,40.0
CA,94086,"(37.3716335, -122.0232017)",45697,2.0
CA,94565,"(38.008595, -121.9283149)",84641,29.0
NM,88012,"(32.5888537, -106.7712694)",25961,62.0
CA,91387,"(34.4025187, -118.3634627)",40328,18.0
IL,60053,"(42.0422389, -87.7889284)",23260,26.0
MN,55303,"(45.2884119, -93.431529)",46352,38.0
NY,12061,"(42.5993124, -73.6571753)",9050,33.0
CA,95129,"(37.305958, -122.0007203)",38720,2.0
NM,87114,"(35.1974648, -106.6817572)",61623,41.0
CA,92656,"(33.5752015, -117.7303522)",49046,10.0
CA,93454,"(34.9230125, -120.2594631)",36448,27.0
NY,11004,"(40.7461911, -73.7115068)",14016,30.0
CT,06231,"(41.6329363, -72.3673475)",4083,23.0
NY,13206,"(43.0735246, -76.1058126)",16443,88.0
IL,60062,"(42.1262789, -87.845088)",39936,12.0
ME,04073,"(43.4119359, -70.7373256)",16189,75.0
CA,92374,"(34.0685149, -117.1753218)",40267,28.0
IL,60538,"(41.7275023, -88.3369415)",26619,45.0
NY,11368,"(40.7497368, -73.8530446)",109931,11.0
NM,87301,"(35.5215935, -108.7653186)",23674,67.0
IL,60506,"(41.7588778, -88.3718653)",53013,62.0
NM,87936,"(32.7532341, -107.2602135)",515,92.0
WA,99224,"(47.6476718, -117.5349512)",18289,37.0
CT,06438,"(41.450777, -72.509946)",2550,24.0
CO,80031,"(39.8739362, -105.0387923)",33932,27.0
RI,02910,"(41.7749988, -71.4355935)",21000,49.0
CA,95111,"(37.2838535, -121.8268688)",58466,11.0
NJ,07661,"(40.927354, -74.0396108)",11340,20.0
CA,95005,"(37.0983626, -122.0892953)",6311,7.0
NY,11204,"(40.618815, -73.9849419)",78134,6.0
CA,92701,"(33.7486219, -117.8587143)",53908,21.0
RI,02886,"(41.7016154, -71.4552172)",29269,40.0
CA,93908,"(36.6260321, -121.6020855)",13043,6.0
CA,95307,"(37.5558149, -120.9538577)",42753,44.0
WA,98117,"(47.6877544, -122.3859419)",31365,6.0
NY,10520,"(41.2266008, -73.8676406)",12810,9.0
NV,89149,"(36.2707961, -115.2946235)",31143,25.0
WA,98229,"(48.7059448, -122.3983262)",30321,21.0
DE,19702,"(39.6181998, -75.7297243)",51899,35.0
NY,11226,"(40.6464089, -73.9566626)",101572,12.0
CA,93221,"(36.2963943, -119.0299352)",14945,51.0
WA,98208,"(47.9001978, -122.1870435)",51802,21.0
IL,62246,"(38.8903664, -89.4275766)",10355,67.0
MN,55068,"(44.735478, -93.0627738)",27490,26.0
NJ,08831,"(40.3343407, -74.4325022)",45620,11.0
NY,11222,"(40.7277898, -73.947605)",36934,3.0
NJ,07726,"(40.2865056, -74.3425467)",42508,11.0
KS,67226,"(37.7686949, -97.2203364)",17757,38.0
MD,21227,"(39.2399698, -76.6794498)",33534,42.0
OR,97914,"(44.1115524, -117.0798582)",19205,82.0
MA,01876,"(42.6118926, -71.2272264)",28667,19.0
IL,60185,"(41.8931107, -88.2149981)",36527,36.0
CA,92003,"(33.2852743, -117.1977769)",4746,40.0
OR,97501,"(42.2857292, -122.897456)",42117,60.0
RI,02860,"(41.8705624, -71.3886815)",45199,56.0
WA,99016,"(47.5972644, -117.1210022)",12480,44.0
CA,93010,"(34.2278878, -119.0795529)",42901,10.0
CT,06489,"(41.6141676, -72.8699148)",32067,37.0
IL,61528,"(40.7769005, -89.7182706)",2668,35.0
CA,90022,"(34.0237282, -118.1562745)",67179,22.0
NM,87122,"(35.1885293, -106.4935443)",17977,10.0
NY,10541,"(41.382046, -73.7518184)",26339,24.0
NV,89445,"(41.1210694, -118.0085482)",16114,52.0
NJ,07109,"(40.7934814, -74.1611589)",35897,36.0
CA,92703,"(33.7485203, -117.9061618)",65445,18.0
ME,04605,"(44.6858027, -68.3947977)",12974,62.0
NY,10019,"(40.765735, -73.9850652)",42870,3.0
MA,01545,"(42.2847672, -71.7142277)",35299,19.0
NY,11237,"(40.70416, -73.9211389)",49896,8.0
RI,02816,"(41.6964989, -71.6226621)",32611,47.0
NY,11236,"(40.6394133, -73.9006642)",93877,13.0
RI,02904,"(41.8583341, -71.4362945)",29359,49.0
CA,94951,"(38.3225483, -122.6448942)",4124,6.0
OR,97006,"(45.52598, -122.8558875)",63036,28.0
CA,92660,"(33.6346259, -117.8748825)",34797,2.0
CO,80122,"(39.5803086, -104.9549168)",29783,17.0
NY,11435,"(40.7010799, -73.8096404)",53687,14.0
WA,98133,"(47.7404852, -122.342826)",44555,15.0
MD,20902,"(39.0437553, -77.042369)",48841,18.0
CA,90001,"(33.9736648, -118.2490388)",57110,28.0
IL,60085,"(42.3549353, -87.8607611)",71714,74.0
CT,06512,"(41.2782673, -72.8752509)",29861,48.0
DC,20009,"(38.9191435, -77.0373808)",47992,6.0
MN,55112,"(45.0805144, -93.1920604)",43250,35.0
CA,90062,"(34.0034933, -118.3090927)",32821,14.0
OR,97741,"(44.6580939, -121.0387363)",11912,49.0
CA,96002,"(40.5278343, -122.3187489)",33298,40.0
NY,12065,"(42.852284, -73.785597)",41776,35.0
CT,06360,"(41.5480059, -72.0894538)",37541,64.0
DC,20007,"(38.9177159, -77.0906354)",26866,2.0
IL,60608,"(41.8468804, -87.6706636)",82739,41.0
CA,93445,"(35.0440754, -120.6207066)",7173,21.0
NY,14210,"(42.8626569, -78.8287681)",14694,96.0
CA,92139,"(32.6800314, -117.0488864)",35125,21.0
OR,97322,"(44.6275526, -123.0176132)",34039,48.0
WA,98003,"(47.3052049, -122.3141614)",44151,34.0
WA,98311,"(47.6273627, -122.6424449)",25880,34.0
CA,92064,"(32.9843523, -117.0135373)",47904,9.0
CA,93003,"(34.2836678, -119.2231961)",50474,15.0
NJ,08318,"(39.5576535, -75.1777169)",12702,46.0
MA,02472,"(42.3694508, -71.1779249)",32014,11.0
CA,93710,"(36.8241049, -119.7627096)",30202,44.0
CA,93060,"(34.3720307, -119.0966947)",32811,28.0
NY,10460,"(40.8423439, -73.8790617)",57311,25.0
CA,91605,"(34.2073412, -118.400973)",56343,16.0
MD,21122,"(39.1142829, -76.4873942)",60576,24.0
CA,90807,"(33.8302054, -118.1811814)",31481,11.0
CA,92563,"(33.580016, -117.1473602)",53892,17.0
IL,62454,"(38.9923479, -87.7649783)",11467,86.0
CA,95065,"(37.0322419, -121.9844016)",8113,5.0
NJ,08812,"(40.5987306, -74.4787928)",14296,31.0
MN,56441,"(46.5777632, -93.9814802)",3596,73.0
MD,20721,"(38.9152216, -76.7851292)",27016,15.0
NJ,07206,"(40.6520831, -74.1837562)",26636,44.0
MD,20832,"(39.1503487, -77.0782506)",24965,12.0
NJ,07104,"(40.7677132, -74.1683498)",50478,42.0
MA,01929,"(42.6404513, -70.7711646)",3504,9.0
CA,90201,"(33.9703429, -118.1713681)",101279,23.0
OR,97215,"(45.5150495, -122.597392)",16375,13.0
CA,93635,"(37.020187, -120.8817002)",38776,49.0
MD,21801,"(38.3494167, -75.67847)",29961,51.0
CA,91342,"(34.3265845, -118.3822613)",91725,17.0
MA,02559,"(41.6902429, -70.6162831)",3376,28.0
NY,10463,"(40.8863455, -73.9015473)",67970,27.0
CO,80906,"(38.7525937, -104.8782114)",37719,38.0
CA,91766,"(34.0422858, -117.7561062)",71599,25.0
RI,02863,"(41.8900642, -71.3934808)",19385,72.0
KS,67010,"(37.6554361, -96.9760489)",13890,74.0
CA,93960,"(36.4056248, -121.3230545)",27080,23.0
NY,11207,"(40.6701572, -73.8938353)",93386,13.0
KS,66033,"(38.3587761, -95.1275847)",767,65.0
MD,21502,"(39.6414768, -78.7560881)",44400,77.0
NY,10308,"(40.552828, -74.151525)",27357,14.0
CA,91331,"(34.2552942, -118.4197025)",103689,21.0
NY,10941,"(41.490413, -74.345272)",13779,31.0
CA,91709,"(33.9429693, -117.7256483)",74796,8.0
NJ,07928,"(40.7249712, -74.4150856)",19144,5.0
NY,11746,"(40.8142683, -73.3622764)",67094,11.0
CA,91343,"(34.2388019, -118.4822956)",60254,14.0
OR,97378,"(45.0848829, -123.4228673)",8882,58.0
MN,55126,"(45.0829893, -93.140492)",25140,27.0
NY,11230,"(40.6220886, -73.9651896)",86408,5.0
WA,98038,"(47.419378, -121.958008)",31171,16.0
KS,67548,"(38.5914908, -99.3339969)",1467,83.0
NJ,08611,"(40.183615, -74.7403187)",28038,87.0
CO,81506,"(39.124877, -108.5586618)",10961,28.0
CA,93312,"(35.3918445, -119.1195484)",56741,26.0
CA,94559,"(38.2511254, -122.2960897)",27184,10.0
WA,98685,"(45.715209, -122.693161)",26217,22.0
CO,81625,"(40.7046733, -107.7361567)",12921,51.0
IL,61379,"(41.3802548, -89.6063009)",1359,83.0
CA,92234,"(33.8141312, -116.4655479)",51151,36.0
CA,91913,"(32.6228947, -116.9868919)",40971,12.0
NJ,07644,"(40.8779151, -74.0825)",24136,26.0
CA,91744,"(34.0313002, -117.9367767)",85040,19.0
CA,93277,"(36.301334, -119.3725855)",50607,43.0
CA,92612,"(33.660018, -117.824428)",27522,14.0
CT,06883,"(41.2274128, -73.3670614)",10179,3.0
MD,21740,"(39.6319007, -77.7438858)",61859,62.0
CA,94709,"(37.8782913, -122.2662521)",11806,7.0
IL,60462,"(41.6268516, -87.8406149)",38723,35.0
NY,14052,"(42.772531, -78.5843214)",17329,38.0
MD,21204,"(39.4063886, -76.6260724)",20253,19.0
MN,55127,"(45.0815716, -93.0769281)",16782,35.0
CA,92840,"(33.7871648, -117.9318894)",54083,14.0
CA,95206,"(37.9084709, -121.3953057)",65004,65.0
CA,95356,"(37.7185727, -121.0323086)",30918,28.0
NJ,08066,"(39.8351735, -75.2335318)",8437,84.0
CO,80207,"(39.7613846, -104.9166957)",21216,27.0
IL,61550,"(40.6114233, -89.4363779)",17721,55.0
CT,06770,"(41.4886491, -73.0517512)",31975,46.0
CA,90220,"(33.8797798, -118.2296785)",49328,30.0
MN,56482,"(46.4642844, -95.1476943)",6666,79.0
KS,67455,"(39.0285281, -98.162663)",1980,94.0
NJ,10965,"(41.0615606, -74.0078322)",14791,13.5
CA,92683,"(33.7524286, -117.9938721)",89747,10.0
CA,93550,"(34.4103344, -118.0599568)",74929,44.0
NY,11716,"(40.7770107, -73.1350895)",10700,17.0
NY,11419,"(40.6886125, -73.8230616)",47211,11.0
IL,60634,"(41.9461885, -87.8061174)",74298,38.0
IL,61275,"(41.6055751, -90.3070479)",4347,41.0
WA,98520,"(46.9885769, -123.8285234)",23814,75.0
NY,14624,"(43.1282998, -77.7314114)",36296,62.0
CA,93704,"(36.8003098, -119.8009064)",27156,39.0
CT,06119,"(41.7635209, -72.7271133)",15474,32.0
CA,95050,"(37.3504312, -121.9524053)",35923,3.0
WA,99208,"(47.7858147, -117.4523477)",49193,46.0
OR,97317,"(44.902416, -122.9062918)",24355,46.0
CA,90005,"(34.0593736, -118.3089617)",37681,13.0
IL,60133,"(41.9778424, -88.1431991)",38103,45.0
CA,95821,"(38.625693, -121.3849162)",33550,40.0
NY,14546,"(43.032728, -77.7801101)",4695,59.0
MN,56001,"(44.1281694, -93.9789906)",46327,58.0
CA,90065,"(34.1095946, -118.2286887)",45527,7.0
CT,06269,"(41.8089384, -72.2516171)",9844,33.0
MN,55114,"(44.9666903, -93.1950724)",3100,37.0
CA,94502,"(37.7381003, -122.2412503)",13600,4.0
CA,92404,"(34.1786334, -117.2389262)",58271,42.0
NY,10980,"(41.2392335, -74.0562605)",13383,18.0
CO,80210,"(39.6766258, -104.9623152)",33946,10.0
CA,92509,"(34.0032665, -117.4420038)",75196,27.0
MN,55317,"(44.8567105, -93.5505668)",19218,24.0
CA,94618,"(37.844821, -122.2385523)",16046,2.0
MA,02072,"(42.119006, -71.1036499)",26999,31.0
NJ,07305,"(40.6930039, -74.0696505)",60104,45.0
CA,94601,"(37.776862, -122.2179095)",50294,24.0
CA,90250,"(33.9136508, -118.350946)",93193,15.0
CA,92007,"(33.0230461, -117.2755809)",10429,1.0
CO,80918,"(38.9103931, -104.7803619)",45467,40.0
NM,87121,"(35.0170458, -106.8883078)",76721,72.0
NV,89156,"(36.1590324, -114.9817416)",27794,57.0
NY,14526,"(43.1514642, -77.4443955)",19804,50.0
CA,92562,"(33.5312401, -117.3439986)",62079,17.0
IL,60521,"(41.8006825, -87.9281725)",17597,2.0
DE,19966,"(38.579422, -75.277196)",24601,60.0
CA,95350,"(37.6717296, -121.0072847)",51046,39.0
MA,02343,"(42.1403459, -70.9978612)",10745,23.0
MA,01524,"(42.2460288, -71.9175657)",6696,34.0
CA,91351,"(34.4337272, -118.4580608)",32362,46.0
CA,93555,"(35.5823838, -117.6835971)",32560,54.0
CA,90680,"(33.8011385, -117.9953251)",29945,19.0
OR,97266,"(45.4829668, -122.5576188)",33300,40.0
MN,55410,"(44.9133446, -93.3169422)",19340,15.0
CT,06615,"(41.1630269, -73.1281081)",18453,37.0
CA,94102,"(37.7795621, -122.4192928)",31176,3.0
NY,10710,"(40.969635, -73.845691)",25120,20.0
WA,99337,"(46.0520071, -119.0984948)",29845,41.0
IL,60093,"(42.1040665, -87.7539334)",19570,9.0
NY,11372,"(40.7517193, -73.8836703)",66636,24.0
NY,13440,"(43.2179387, -75.4591914)",42986,75.0
MN,55401,"(44.985367, -93.270208)",6590,19.0
IL,60030,"(42.3356353, -88.0467818)",36056,28.0
NJ,08401,"(39.377297, -74.4510821)",39554,69.0
CO,80120,"(39.5938356, -105.0114595)",28435,20.0
NY,11001,"(40.7233167, -73.7049494)",26883,10.0
CA,93101,"(34.4192588, -119.7080491)",31683,4.0
MN,55422,"(45.0092748, -93.3411048)",27820,41.0
IL,60160,"(41.9034912, -87.8617696)",25432,53.0
IL,60447,"(41.4872388, -88.3221656)",13709,42.0
IL,60561,"(41.7456625, -87.981494)",23115,25.0
CA,91780,"(34.1015089, -118.0558587)",34332,7.0
WA,99206,"(47.6276499, -117.2546066)",34802,52.0
CT,06108,"(41.780375, -72.6239448)",24307,63.0
MA,01835,"(42.7513275, -71.0944211)",13682,31.0
CA,92078,"(33.1170652, -117.1808072)",42906,20.0
KS,66061,"(38.8937552, -94.8799681)",55805,43.0
NY,11357,"(40.7851288, -73.8100365)",39150,6.0
CA,95409,"(38.4684996, -122.5821228)",27187,9.0
MD,21047,"(39.5269415, -76.4380785)",11873,17.0
CA,94503,"(38.1877978, -122.2238259)",19681,10.0
NJ,07762,"(40.1534087, -74.0337315)",8403,14.0
CO,80013,"(39.6614611, -104.7657627)",69588,32.0
MD,20866,"(39.1092797, -76.9339476)",13344,22.0
CO,80015,"(39.6280555, -104.7932543)",62432,24.0
MD,21211,"(39.3287457, -76.6392811)",17351,38.0
CA,95004,"(36.8747551, -121.6307316)",3918,7.0
NJ,08902,"(40.4415131, -74.4912136)",41153,27.0
IL,61008,"(42.245929, -88.8398588)",34311,69.0
CA,94608,"(37.8368441, -122.2891434)",28019,9.0
MA,02045,"(42.2858696, -70.879517)",10293,18.0
CA,93662,"(36.5365732, -119.6386513)",30237,51.0
MD,21218,"(39.3301071, -76.6014512)",49796,57.0
NJ,07701,"(40.3605089, -74.0789521)",23813,16.0
CA,90020,"(34.0663822, -118.3098315)",38967,14.0
CA,90018,"(34.028632, -118.3173467)",49310,13.0
OR,97103,"(46.1333399, -123.6989655)",16859,39.0
CA,90277,"(33.8300058, -118.3871239)",35293,2.0
CA,92399,"(34.0323124, -117.010577)",52606,35.0
IL,62521,"(39.8101698, -88.9277838)",35851,73.0
NJ,08619,"(40.2423005, -74.6964078)",22723,32.0
MD,21228,"(39.2728571, -76.7477405)",47577,29.0
NV,89122,"(36.1039655, -115.0378255)",45720,62.0
NJ,08094,"(39.6506006, -74.9593112)",39940,37.0
CT,06340,"(41.354409, -72.040266)",31242,62.0
WA,98109,"(47.6305825, -122.3455956)",20715,9.0
KS,67204,"(37.7624965, -97.358547)",21194,79.0
IL,62040,"(38.7149276, -90.0989304)",43735,85.0
IL,62321,"(40.409716, -91.0954316)",4091,77.0
NY,13607,"(44.3318316, -75.9095065)",1822,27.0
MD,21231,"(39.2885065, -76.5920238)",15748,20.0
CA,92679,"(33.6494382, -117.561405)",32611,3.0
NY,12092,"(42.7059384, -74.379565)",1304,64.0
NY,12550,"(41.5395739, -74.0572227)",54447,52.0
CT,06437,"(41.3317772, -72.696816)",22375,15.0
CA,93023,"(34.5090947, -119.2519103)",20589,9.0
NY,14882,"(42.5856252, -76.579264)",3826,23.0
WA,98106,"(47.5440342, -122.3498743)",22873,16.0
CT,06333,"(41.386032, -72.2290922)",6607,14.0
CA,95608,"(38.6269352, -121.3311908)",59418,24.0
NM,87047,"(35.2508464, -106.2887715)",4894,35.0
NY,11102,"(40.7716, -73.9256033)",34133,9.0
IL,61073,"(42.4237521, -88.9938881)",20052,53.0
CA,95212,"(38.049939, -121.2329698)",25239,19.0
IL,60441,"(41.5930486, -88.051567)",36869,33.0
NY,14206,"(42.8808102, -78.8101559)",20751,94.0
CA,95476,"(38.2558418, -122.4609085)",35394,3.0
MA,02601,"(41.6611607, -70.2931965)",14089,39.0
IL,60803,"(41.6740639, -87.7362222)",22285,55.0
DE,19956,"(38.5476448, -75.5381863)",15500,55.0
CO,80226,"(39.7101311, -105.0921271)",30930,21.0
NM,87532,"(35.9897513, -106.1256303)",18223,68.0
CA,92376,"(34.1105366, -117.3800214)",81516,36.0
NY,14821,"(42.2415736, -77.2192536)",3314,84.0
IL,61554,"(40.5436232, -89.6206208)",43810,76.0
NY,10458,"(40.8624859, -73.8864478)",79492,26.0
CO,80919,"(38.9298524, -104.8788213)",27398,22.0
CA,92508,"(33.8903978, -117.3282409)",35000,14.0
OR,97223,"(45.4402905, -122.7766044)",46699,20.0
MA,02301,"(42.0783714, -71.0423041)",61025,37.0
OR,97478,"(44.0891223, -122.8422781)",37011,45.0
CO,81503,"(39.0340256, -108.4865982)",15250,56.0
NV,89147,"(36.1128916, -115.2798705)",49778,40.0
CT,06447,"(41.636439, -72.4540018)",6404,23.0
CA,95630,"(38.662781, -121.140107)",72180,13.0
WA,98296,"(47.840783, -122.1010844)",27956,10.0
NJ,08618,"(40.2493401, -74.7899681)",38229,54.0
CT,06023,"(41.6125917, -72.7200932)",1296,34.0
CA,92025,"(33.0778135, -117.0331309)",49978,25.0
MA,02025,"(42.2364441, -70.8143089)",7542,4.0
CA,92071,"(32.8506855, -116.995314)",53422,15.0
OR,97838,"(45.8509743, -119.287822)",25346,67.0
CA,94112,"(37.7205458, -122.4431663)",79407,5.0
MN,55439,"(44.8735508, -93.3730484)",8750,22.0
CO,80528,"(40.4990027, -105.0050512)",17946,17.0
NY,12182,"(42.8005335, -73.6274339)",14733,76.0
OR,97306,"(44.8429038, -123.0947509)",27360,34.0
NJ,08004,"(39.7553331, -74.8305115)",12350,47.0
MN,55976,"(43.8638141, -92.4840396)",7582,54.0
CA,91304,"(34.2277906, -118.6446066)",50231,14.0
NY,11040,"(40.7453467, -73.6802919)",40782,9.0
MD,20794,"(39.1514751, -76.7947026)",14098,24.0
MN,55442,"(45.0489203, -93.4262115)",13217,24.0
CA,92345,"(34.3609721, -117.3130389)",78715,44.0
CA,95610,"(38.6949226, -121.2722073)",44147,30.0
CA,94002,"(37.5134466, -122.2968238)",25992,2.0
MD,20748,"(38.8148678, -76.933447)",38792,35.0
NY,10471,"(40.8999842, -73.9067506)",22922,33.0
CA,90640,"(34.0154437, -118.1110124)",62549,14.0
NJ,08057,"(39.9796575, -74.9413079)",21090,18.0
MN,55308,"(45.4137034, -93.835316)",9064,36.0
IL,62644,"(40.2854185, -90.0618978)",5385,87.0
NY,11771,"(40.87373, -73.5252996)",10007,8.0
IL,61064,"(41.9893058, -89.5872492)",3868,80.0
WA,98055,"(47.4474725, -122.2003559)",21904,22.0
NY,10923,"(41.2031162, -74.0027182)",8732,35.0
WA,99301,"(46.3778349, -118.9517259)",68191,45.0
CA,90712,"(33.849034, -118.1479023)",31499,11.0
CO,80010,"(39.7392505, -104.8617098)",39728,47.0
IL,60420,"(41.0876486, -88.4208945)",6102,68.0
NJ,08863,"(40.5372376, -74.3122221)",12320,29.0
MA,02169,"(42.2400156, -71.0152045)",55055,21.0
NY,11214,"(40.5996903, -73.9963717)",88630,7.0
CA,94941,"(37.9247747, -122.6001828)",30496,1.0
NY,11581,"(40.651028, -73.7153252)",20844,16.0
ME,04090,"(43.3314321, -70.6455859)",9589,42.0
IL,60409,"(41.6136412, -87.5521219)",37186,85.0
IL,60487,"(41.5638369, -87.8303491)",26928,23.0
RI,02812,"(41.4777124, -71.658167)",1497,26.0
CT,06483,"(41.3854655, -73.0836408)",16540,40.0
RI,02809,"(41.6757303, -71.273331)",22938,27.0
NY,10605,"(41.010566, -73.7451293)",18126,8.0
NY,12788,"(41.7951012, -74.5908964)",2908,61.0
MA,02645,"(41.7012864, -70.0616629)",9663,22.0
WA,98367,"(47.462142, -122.6662086)",27693,27.0
WA,98837,"(47.1469929, -119.3159085)",39722,58.0
WA,98042,"(47.3640093, -122.1167433)",43673,18.0
VT,05676,"(44.2991838, -72.8472315)",4984,37.0
NJ,07103,"(40.7388525, -74.1952638)",32698,52.0
CA,95116,"(37.3504713, -121.8525538)",51496,11.0
NY,11429,"(40.7095558, -73.7384796)",25105,17.0
NJ,07059,"(40.6345884, -74.5190442)",15311,6.0
WA,98601,"(45.9383729, -122.4378553)",2982,23.0
WA,98007,"(47.6138254, -122.1443652)",24889,9.0
IL,62223,"(38.5359226, -90.0594773)",17560,73.0
CA,95340,"(37.3400869, -120.4064058)",33931,45.0
CA,94401,"(37.5751719, -122.3198815)",34429,5.0
CA,92283,"(32.8915458, -114.772943)",3158,94.0
CA,95938,"(39.6047133, -121.795288)",3787,8.0
WA,98513,"(46.9933704, -122.7332205)",31975,35.0
NY,13346,"(42.8207851, -75.5463928)",6735,69.0
IL,60302,"(41.8947716, -87.7898251)",32108,31.0
MA,02109,"(42.3669188, -71.0504161)",3771,2.0
CA,92879,"(33.8826137, -117.5282048)",46745,22.0
MA,02360,"(41.8820616, -70.6312893)",56271,20.0
MN,56572,"(46.6052358, -96.084155)",5454,81.0
NH,03844,"(42.9248106, -70.8862417)",2238,12.0
CT,06037,"(41.605451, -72.7784967)",18565,30.0
CO,80123,"(39.6160105, -105.0694488)",44795,21.0
NJ,08820,"(40.5768059, -74.36575)",39590,10.0
CA,91042,"(34.3155031, -118.2648469)",27585,14.0
NY,11413,"(40.6711705, -73.7520631)",38912,15.0
CA,91040,"(34.2576958, -118.3384551)",20372,12.0
MN,55446,"(45.0391396, -93.4897008)",18695,16.0
NJ,08321,"(39.223596, -75.143169)",247,71.0
CA,91344,"(34.2894674, -118.5046992)",51747,10.0
MA,02145,"(42.3915769, -71.0899097)",25439,11.0
CA,92691,"(33.6119451, -117.6658668)",47582,7.0
CT,06084,"(41.8830194, -72.3588694)",15067,26.0
MA,02368,"(42.1789925, -71.052654)",32158,22.0
CO,80651,"(40.2417354, -104.8094099)",4176,38.0
IL,60074,"(42.1314623, -88.0263289)",38985,47.0
OR,97206,"(45.4815979, -122.5982949)",47596,25.0
NY,11364,"(40.7462507, -73.7560621)",34555,14.0
CO,81004,"(38.0440536, -104.71441)",25540,85.0
NJ,07631,"(40.8911966, -73.972515)",27119,33.0
NJ,07663,"(40.9030993, -74.0935906)",13659,27.0
NY,10573,"(41.0157419, -73.6773035)",38352,22.0
WA,98166,"(47.451576, -122.3529856)",20301,19.0
CA,94928,"(38.3459304, -122.6935071)",43170,19.0
KS,66002,"(39.5516596, -95.1403543)",13755,79.0
NJ,07083,"(40.6952664, -74.2690777)",53053,27.0
CT,06801,"(41.3697777, -73.3895032)",18581,36.0
CA,93257,"(35.9808583, -118.8893149)",75004,60.0
MN,55014,"(45.1683486, -93.1237524)",27274,32.0
CT,06511,"(41.3172698, -72.9263729)",53600,52.0
OR,97007,"(45.4428132, -122.8711552)",66954,21.0
CA,95388,"(37.4212988, -120.5995871)",13074,64.0
WA,98004,"(47.6183371, -122.205341)",27946,4.0
CA,94583,"(37.7716927, -121.9898294)",34859,5.0
CA,93723,"(36.7897564, -119.9525593)",9547,25.0
CA,94589,"(38.1414668, -122.2468701)",29876,26.0
NH,03053,"(42.868588, -71.3872474)",23957,29.0
NY,11434,"(40.6778566, -73.7770725)",59129,19.0
NY,11422,"(40.6607865, -73.7375702)",30425,15.0
CA,91732,"(34.0724071, -118.0145239)",61386,19.0
NH,03609,"(43.1439346, -72.4464482)",854,45.0
ME,04479,"(45.1242079, -69.2870578)",1343,80.0
WA,98445,"(47.1374273, -122.4047153)",29661,40.0
IL,60467,"(41.5977356, -87.8864957)",26046,23.0
NY,13901,"(42.1832033, -75.876048)",19773,86.0
CA,92113,"(32.694637, -117.1197565)",56066,29.0
CA,90021,"(34.029036, -118.2378702)",3951,17.0
IL,60098,"(42.3246455, -88.455561)",32228,51.0
MD,20814,"(39.0048389, -77.1030042)",27642,11.0
MA,02721,"(41.6744294, -71.1485315)",26290,45.0
MN,56364,"(46.0186537, -94.071943)",5416,51.0
NJ,08223,"(39.2695198, -74.6571181)",4125,26.0
NY,11782,"(40.7367292, -73.0799992)",15814,15.0
IL,60623,"(41.8471006, -87.7176112)",92108,72.0
NY,11967,"(40.8015657, -72.8780278)",26583,28.0
KS,66214,"(38.9635787, -94.7139655)",11691,55.0
NV,89138,"(36.202093, -115.3649994)",12118,7.0
NV,89110,"(36.1736534, -115.0554795)",70994,69.0
IL,62526,"(39.9016645, -88.9892484)",34075,87.0
NY,11219,"(40.6326198, -73.9967697)",92221,6.0
MN,55340,"(45.0782631, -93.5721177)",6327,8.0
IL,62999,"(37.869529, -89.056407)",1829,91.0
NY,11106,"(40.7622113, -73.9315281)",38875,6.0
NJ,07047,"(40.7936435, -74.0250269)",60773,24.0
CA,90723,"(33.8988835, -118.1666294)",54099,22.0
IL,61883,"(40.0349367, -87.6399182)",4438,86.0
NY,14103,"(43.2111611, -78.37677)",11183,88.0
IL,60469,"(41.6286972, -87.6863116)",5930,74.0
NH,03038,"(42.8927614, -71.2767629)",33269,36.0
CA,90046,"(34.1078099, -118.3622474)",48581,4.0
IL,61614,"(40.7591363, -89.6041228)",27628,61.0
CA,90265,"(34.0702448, -118.8510422)",18116,1.0
CA,92866,"(33.7845373, -117.8447912)",14885,9.0
MA,02138,"(42.3796372, -71.1351523)",36314,5.0
NV,89128,"(36.1967843, -115.2644058)",35669,49.0
NJ,08520,"(40.2581258, -74.5393095)",27869,38.0
MN,55113,"(45.0121956, -93.1511859)",38994,34.0
CA,90059,"(33.9274687, -118.2487959)",40952,26.0
MA,01801,"(42.4887033, -71.1543831)",38903,17.0
MN,56308,"(45.8676138, -95.3942566)",23961,50.0
NJ,07840,"(40.8600447, -74.8317948)",29849,35.0
IL,60112,"(41.9237324, -88.6902175)",4560,47.0
IL,60639,"(41.9205977, -87.755942)",90407,40.0
CA,92651,"(33.5714801, -117.7728894)",23881,1.0
MA,02367,"(41.9591, -70.8027525)",2820,19.0
NY,11768,"(40.9236305, -73.339309)",21902,9.0
IL,60419,"(41.6272714, -87.5983897)",22788,75.0
CA,95046,"(37.0993077, -121.5992405)",6417,3.0
CT,06614,"(41.2284774, -73.1290807)",32929,29.0
IL,60002,"(42.4671427, -88.0943387)",24299,48.0
MD,20784,"(38.9505489, -76.8917198)",29449,39.0
CA,94122,"(37.7604592, -122.483894)",56023,2.0
NJ,08003,"(39.885852, -74.9711455)",30629,22.0
WA,98606,"(45.7291975, -122.4560505)",9027,18.0
OR,97303,"(45.0303537, -123.0236886)",38663,40.0
MD,20720,"(38.9963755, -76.7834298)",21031,16.0
MN,55016,"(44.8167351, -92.9337298)",34204,34.0
NJ,07022,"(40.8211103, -74.0030322)",13835,28.5
MA,02763,"(41.9668655, -71.3085743)",1973,14.0
CA,93536,"(34.7376703, -118.3874244)",70918,29.0
MN,55404,"(44.9619133, -93.2613491)",27121,44.0
CA,95076,"(36.9457806, -121.7560577)",82474,14.0
CA,93244,"(36.38634, -118.9897151)",534,21.0
NY,14301,"(43.0970132, -79.0373222)",12817,99.0
MA,02346,"(41.8780043, -70.8692669)",23106,26.0
CA,90650,"(33.9077898, -118.0824874)",105549,19.0
IL,60189,"(41.8406447, -88.1220551)",30472,9.0
MN,56301,"(45.4870841, -94.2427766)",32434,52.0
NJ,08215,"(39.5901203, -74.581951)",13442,52.0
CA,93631,"(36.4800648, -119.517339)",15941,46.0
NY,12143,"(42.4915595, -73.84266)",5137,55.0
CA,96021,"(39.9234789, -122.2704539)",16097,65.0
MA,01902,"(42.4710392, -70.9415353)",45139,37.0
IL,62922,"(37.6207537, -88.8148074)",3119,84.0
NY,10003,"(40.7318645, -73.9891241)",56024,3.0
IL,62896,"(37.8926638, -88.9120755)",12626,94.0
NY,11206,"(40.7018701, -73.9425516)",81677,7.0
WA,98466,"(47.2289707, -122.5380539)",26944,29.0
MD,21838,"(38.0179048, -75.7379202)",1736,54.0
NV,89509,"(39.4973133, -119.8269257)",33395,26.0
CT,06033,"(41.7074627, -72.5389323)",28762,34.0
ME,04358,"(44.4144727, -69.5352715)",4276,47.0
NY,11354,"(40.7682126, -73.8273924)",54878,24.0
CA,91748,"(33.9782935, -117.9023171)",45406,13.0
CA,94901,"(37.980709, -122.5006058)",41157,5.0
CA,92122,"(32.8567981, -117.2101561)",43728,11.0
NY,10451,"(40.8221675, -73.9226159)",45713,44.0
CA,92504,"(33.9083525, -117.4013419)",53778,28.0
NY,10466,"(40.8909641, -73.8462394)",67813,17.0
CA,95963,"(39.7478323, -122.3033595)",15493,44.0
CA,92707,"(33.709935, -117.8704307)",59492,13.0
NM,79835,"(31.9356531, -106.5960888)",12690,31.0
CA,92346,"(34.1240486, -117.1775733)",54923,27.0
CA,95136,"(37.2713786, -121.8525124)",42989,6.0
CA,92831,"(33.8795102, -117.8960355)",34204,13.0
CA,95834,"(38.6352119, -121.5186075)",25899,21.0
MN,55343,"(44.9143724, -93.4162539)",23933,62.0
CA,94533,"(38.2807448, -122.0063799)",69277,33.0
CT,06851,"(41.1382333, -73.4015257)",26703,17.0
CA,90805,"(33.8646171, -118.1805667)",93524,24.0
CA,92805,"(33.830053, -117.9056831)",70401,17.0
WA,98032,"(47.3919421, -122.2571921)",33853,32.0
WA,98321,"(47.1526064, -122.0717385)",15152,21.0
NJ,08012,"(39.7838154, -75.0560675)",38992,50.0
IL,62340,"(39.734718, -90.7282378)",1715,78.0
NJ,07205,"(40.6958894, -74.2288001)",21398,39.0
MA,01604,"(42.2534854, -71.7679315)",34677,46.0
IL,60048,"(42.2926063, -87.9453173)",29095,13.0
IL,60005,"(42.0644715, -87.9866902)",29308,26.0
MA,02119,"(42.3240658, -71.0851879)",25346,21.0
KS,66619,"(38.9470795, -95.6901981)",3070,52.0
NJ,07063,"(40.6051185, -74.4445225)",13538,38.0
MA,02150,"(42.3968243, -71.0313479)",35124,28.0
CT,06787,"(41.6710799, -73.0850465)",7975,51.0
CA,93657,"(36.8168584, -119.4587018)",34999,52.0
NY,12804,"(43.3372953, -73.6826639)",26540,42.0
CA,95824,"(38.5174351, -121.4414397)",30221,64.0
NY,11010,"(40.7006528, -73.6751329)",23821,15.0
CA,91107,"(34.1590073, -118.0873527)",32940,5.0
NY,11553,"(40.7052719, -73.592328)",26034,25.0
NH,03101,"(42.9890272, -71.4661111)",3049,57.0
NJ,08629,"(40.2206437, -74.7312456)",12331,68.0
MN,55731,"(47.9968818, -91.753982)",5820,81.0
IL,62205,"(38.6027684, -90.1185611)",9329,97.0
NJ,08203,"(39.4217127, -74.3928726)",9454,28.0
MA,02043,"(42.2160985, -70.8812702)",22157,4.0
NV,89408,"(39.6708429, -119.0064086)",19626,72.0
CT,06604,"(41.1543798, -73.2109323)",30313,67.0
CA,94591,"(38.1271913, -122.196855)",53042,28.0
IL,60130,"(41.8670311, -87.8179345)",14167,30.0
MD,20874,"(39.1330557, -77.3018279)",57367,29.0
NJ,08832,"(40.5113987, -74.3184962)",2863,22.0
NY,11221,"(40.6914258, -73.9276256)",78895,5.0
NY,14224,"(42.8377589, -78.747821)",39889,57.0
NM,88021,"(31.9879388, -106.8036799)",18421,75.0
CA,91786,"(34.1052502, -117.6620703)",51165,24.0
CA,93291,"(36.391777, -119.3728419)",52849,37.0
MA,01590,"(42.1320512, -71.750318)",8875,19.0
NJ,07087,"(40.767224, -74.032429)",66515,30.0
NJ,07522,"(40.9235695, -74.1792251)",20883,56.0
KS,66212,"(38.9555653, -94.6798754)",32096,49.0
CA,90045,"(33.9423871, -118.4160617)",39480,4.0
CA,92843,"(33.7639661, -117.9315346)",45214,15.0
MD,20723,"(39.1376783, -76.8679423)",28972,21.0
NJ,08690,"(40.2258334, -74.6600956)",18567,23.0
CA,92880,"(33.9253898, -117.6072536)",58763,10.0
OR,97456,"(44.3433026, -123.3550004)",2985,36.0
MA,01821,"(42.5493295, -71.2517245)",30310,16.0
CA,90064,"(34.0353095, -118.4264862)",25403,6.0
NM,88047,"(32.2144142, -106.7155308)",1967,72.0
NJ,07044,"(40.832468, -74.2428627)",13584,13.0
DE,19804,"(39.7187601, -75.6218662)",17944,52.0
NJ,07712,"(40.2468946, -74.0545018)",39158,18.0
MA,01108,"(42.0829592, -72.5595133)",26688,59.0
NY,10310,"(40.6326122, -74.1161485)",24962,24.0
CA,92503,"(33.882884, -117.4517249)",84519,30.0
NJ,08807,"(40.5924342, -74.6188399)",37972,22.0
MN,55364,"(44.939325, -93.6758355)",14353,31.0
NY,10024,"(40.7856602, -73.9712689)",59283,1.0
NJ,08060,"(40.0100045, -74.7922069)",24713,45.0
CA,94551,"(37.7505118, -121.7492486)",36867,7.0
IL,61104,"(42.2517203, -89.0799449)",19269,98.0
MA,02061,"(42.1645688, -70.8188439)",10506,7.0
CA,94806,"(37.978427, -122.3364179)",59861,27.0
NY,10001,"(40.7506496, -73.9972929)",21102,1.0
KS,66052,"(39.0083484, -95.04558)",2031,62.0
CA,93103,"(34.437367, -119.679284)",20249,5.0
NY,13126,"(43.4387975, -76.457454)",37205,79.0
CA,92058,"(33.2639736, -117.3447773)",42436,24.0
KS,66401,"(38.9323671, -96.3096516)",1721,76.0
CA,93608,"(36.5049867, -120.3386638)",1114,74.0
CA,91935,"(32.6943442, -116.7755144)",8624,8.0
WA,98686,"(45.7233048, -122.6218703)",17385,26.0
CA,90019,"(34.0498412, -118.3384601)",64458,9.0
NY,10457,"(40.8457068, -73.8979229)",70496,27.0
IL,60097,"(42.3969753, -88.3724436)",11250,44.0
CA,94702,"(37.8663209, -122.2863481)",15979,6.0
NY,14504,"(42.9684318, -77.2326977)",1701,71.0
CA,92804,"(33.8180097, -117.9751925)",85914,13.0
MN,55345,"(44.9154425, -93.48443)",21147,21.0
WA,98011,"(47.7573522, -122.1986978)",29212,14.0
CA,91792,"(34.0225813, -117.9023585)",30854,12.0
NY,10162,"(40.7692674, -73.9497953)",1685,5.0
NY,10010,"(40.7390449, -73.9826162)",31834,1.0
CA,93422,"(35.465349, -120.6894388)",31375,15.0
DE,19945,"(38.4978939, -75.2290333)",6862,41.0
NJ,08043,"(39.8485702, -74.9528435)",29131,34.0
NH,03086,"(42.8322309, -71.7596147)",3728,45.0
CO,80233,"(39.8975359, -104.9439221)",45386,34.0
NJ,07017,"(40.7719176, -74.207082)",35945,47.0
MD,21769,"(39.4424641, -77.5689083)",11236,19.0
OR,97071,"(45.1341907, -122.8264874)",28803,47.0
CA,91741,"(34.1633629, -117.8341212)",25824,8.0
CA,92646,"(33.6610291, -117.9679484)",55224,6.0
NV,89044,"(35.9398698, -115.0562846)",14260,21.0
CA,91321,"(34.3637151, -118.4870386)",34882,18.0
NJ,07065,"(40.6071525, -74.2805307)",27346,36.0
CA,90280,"(33.9441585, -118.1927614)",94396,22.0
CA,93449,"(35.1609345, -120.6533416)",7657,6.0
NM,87801,"(33.9326133, -107.0738415)",10221,69.0
NM,87123,"(35.0613613, -106.4712298)",41468,62.0
MA,01119,"(42.1249785, -72.5112103)",14152,69.0
NV,89049,"(38.3909839, -116.3993148)",2727,83.0
NY,14580,"(43.2172825, -77.444534)",50587,53.0
NM,87544,"(35.7669656, -106.2950945)",17950,35.0
CA,95372,"(37.9912891, -120.2627906)",1963,32.0
CO,80521,"(40.5930826, -105.127429)",33409,30.0
CA,95928,"(39.6814875, -121.8372104)",36511,38.0
MA,02476,"(42.4164795, -71.1734865)",16532,7.0
NM,87102,"(35.082357, -106.6467678)",21204,61.0
MN,56544,"(46.7577864, -95.6054374)",5294,58.0
DE,19807,"(39.7965002, -75.6128401)",7405,8.0
ME,04345,"(44.1950908, -69.793771)",11646,61.0
WA,98541,"(47.0608498, -123.3898023)",10101,68.0
CA,92065,"(33.0403728, -116.830075)",35414,14.0
KS,66439,"(39.6563308, -95.5400857)",2747,91.0
CA,95023,"(36.9199935, -121.3221878)",48841,12.0
CA,90270,"(33.9885572, -118.187688)",27372,26.0
IL,60431,"(41.5099859, -88.1903574)",22577,45.0
CA,93021,"(34.305181, -118.8839285)",36422,8.0
IL,60632,"(41.8101664, -87.7132518)",91326,58.0
KS,66845,"(38.2987312, -96.5083925)",1232,92.0
CA,96150,"(38.8733198, -120.0684809)",29792,20.0
NJ,07730,"(40.4241637, -74.1737321)",17396,23.0
OR,97701,"(43.9976526, -121.0341861)",58993,32.0
CA,92672,"(33.3729358, -117.5209627)",34464,4.0
CA,90222,"(33.9122401, -118.2376069)",31869,28.0
NY,12545,"(41.7914813, -73.6771663)",4763,27.0
IL,60088,"(42.3096322, -87.8440612)",15761,43.0
MA,01803,"(42.5032267, -71.201713)",24487,11.0
NJ,07003,"(40.8091411, -74.1871418)",47312,26.0
CA,94804,"(37.915484, -122.337828)",38559,21.0
CA,93906,"(36.7226758, -121.6336673)",59461,24.0
CA,90292,"(33.9760775, -118.4520658)",21576,3.0
CA,91773,"(34.1074851, -117.8087522)",33119,18.0
NJ,07304,"(40.7173028, -74.0763519)",41233,30.0
MD,20906,"(39.0872347, -77.0549522)",64696,23.0
MN,55426,"(44.9565663, -93.3816539)",24945,41.0
MA,02143,"(42.3813982, -71.0967215)",24514,8.0
CA,92507,"(33.991134, -117.3068976)",58002,36.0
IL,60148,"(41.8762575, -88.0187544)",51468,36.0
NM,87124,"(35.2699197, -106.7956426)",51404,51.0
CA,90035,"(34.0514263, -118.3857654)",28418,3.0
MN,55398,"(45.4587472, -93.589494)",15540,40.0
NY,13031,"(43.045456, -76.3066713)",15551,57.0
IL,60466,"(41.4791622, -87.6845977)",22115,88.0
MN,55106,"(44.9572358, -93.0471292)",52730,66.0
